id;ten_nha_cung_cap;so_dien_thoai;email;dia_chi;created_at;updated_at
1;sneaky joshingly jubilantly;swine amongst;Edmund_Gutmann@gmail.com;yieldingly captain embody;2024-12-08T16:56:20;2024-12-09T06:17:03
2;dull kiss;misappropriate redress;Alana.Kshlerin@hotmail.com;fooey;2024-12-09T05:11:06;2024-12-08T21:51:36
3;optimistically;off legend knotty;Everette17@gmail.com;ack bruised concerning;2024-12-09T01:25:23;2024-12-09T08:49:01
4;yippee consequently giggle;gah inwardly;Erich_Schuster1@hotmail.com;quantify remorseful;2024-12-08T18:10:17;2024-12-09T15:13:43
5;wisely yet rot;whose concerning;Joseph.Deckow@yahoo.com;summarise beneficial;2024-12-09T06:00:19;2024-12-09T14:55:55
6;kissingly;as once;Nicolette_Medhurst29@hotmail.com;lasting;2024-12-09T07:18:52;2024-12-09T04:36:07
7;considering;trusty beneath;Janick.Schroeder@hotmail.com;whose;2024-12-08T21:35:53;2024-12-09T05:49:21
8;legal provided scheme;thin psst;Julian45@hotmail.com;hmph;2024-12-08T16:35:20;2024-12-08T22:55:11
9;boohoo whether;too;Daija.Morar44@yahoo.com;reboot;2024-12-09T06:48:35;2024-12-09T07:27:07
10;necessary;general neatly unnecessarily;Aisha_Aufderhar@gmail.com;wholly;2024-12-09T02:16:37;2024-12-09T10:08:38
